Workbook

Sheet Calculator
B1: Decision 4 — The Sequential Hire
B2: Candidates are seen one at a time in random order, and an offer must be made or refused on the spot with no recall. The tool finds how many to screen first before taking the next record-setter.
B4: INPUT — change this
B5: Number of candidates (2 to 100) | C5: 50
B7: RESULTS — calculated
B8: Best number to screen first, r* | C8: =INDEX(ChartData!A2:A101,MATCH(MAX(ChartData!C2:C101),ChartData!C2:C101,0)) -> 18
B9: Chance of hiring the very best candidate | C9: =MAX(ChartData!C2:C101) -> 0.37427501
B10: As a fraction of the pool, r*/n | C10: =C8/C5 -> 0.36
B11: 1 / e, the large-pool ideal for both numbers | C11: =1/EXP(1) -> 0.36787944
B12: Screen and reject the first r* candidates, then hire the next one who beats everyone seen so far. As the pool grows, r*/n and the success rate both approach 1/e.

Sheet ChartData
A1: r | B1: r / n | C1: P(hire best) | E1: j
A2: 0 | B2: =IF(A2>=Calculator!$C$5,"",A2/Calculator!$C$5) -> 0 | C2: =IF(A2>=Calculator!$C$5,"",IF(A2=0,1/Calculator!$C$5,(A2/Calculator!$C$5)*SUMPRODUCT(($E$2:$E$101>=A2)*($E$2:$E$101<=Calculator!$C$5-1)/$E$2:$E$101))) -> 0.02 | E2: 1
A3: 1 | B3: =IF(A3>=Calculator!$C$5,"",A3/Calculator!$C$5) -> 0.02 | C3: =IF(A3>=Calculator!$C$5,"",IF(A3=0,1/Calculator!$C$5,(A3/Calculator!$C$5)*SUMPRODUCT(($E$2:$E$101>=A3)*($E$2:$E$101<=Calculator!$C$5-1)/$E$2:$E$101))) -> 0.089584107 | E3: 2
A4: 2 | B4: =IF(A4>=Calculator!$C$5,"",A4/Calculator!$C$5) -> 0.04 | C4: =IF(A4>=Calculator!$C$5,"",IF(A4=0,1/Calculator!$C$5,(A4/Calculator!$C$5)*SUMPRODUCT(($E$2:$E$101>=A4)*($E$2:$E$101<=Calculator!$C$5-1)/$E$2:$E$101))) -> 0.13916821 | E4: 3
A5: 3 | B5: =IF(A5>=Calculator!$C$5,"",A5/Calculator!$C$5) -> 0.06 | C5: =IF(A5>=Calculator!$C$5,"",IF(A5=0,1/Calculator!$C$5,(A5/Calculator!$C$5)*SUMPRODUCT(($E$2:$E$101>=A5)*($E$2:$E$101<=Calculator!$C$5-1)/$E$2:$E$101))) -> 0.17875232 | E5: 4
A6: 4 | B6: =IF(A6>=Calculator!$C$5,"",A6/Calculator!$C$5) -> 0.08 | C6: =IF(A6>=Calculator!$C$5,"",IF(A6=0,1/Calculator!$C$5,(A6/Calculator!$C$5)*SUMPRODUCT(($E$2:$E$101>=A6)*($E$2:$E$101<=Calculator!$C$5-1)/$E$2:$E$101))) -> 0.21166976 | E6: 5
A7: 5 | B7: =IF(A7>=Calculator!$C$5,"",A7/Calculator!$C$5) -> 0.1 | C7: =IF(A7>=Calculator!$C$5,"",IF(A7=0,1/Calculator!$C$5,(A7/Calculator!$C$5)*SUMPRODUCT(($E$2:$E$101>=A7)*($E$2:$E$101<=Calculator!$C$5-1)/$E$2:$E$101))) -> 0.2395872 | E7: 6
A8: 6 | B8: =IF(A8>=Calculator!$C$5,"",A8/Calculator!$C$5) -> 0.12 | C8: =IF(A8>=Calculator!$C$5,"",IF(A8=0,1/Calculator!$C$5,(A8/Calculator!$C$5)*SUMPRODUCT(($E$2:$E$101>=A8)*($E$2:$E$101<=Calculator!$C$5-1)/$E$2:$E$101))) -> 0.26350464 | E8: 7
A9: 7 | B9: =IF(A9>=Calculator!$C$5,"",A9/Calculator!$C$5) -> 0.14 | C9: =IF(A9>=Calculator!$C$5,"",IF(A9=0,1/Calculator!$C$5,(A9/Calculator!$C$5)*SUMPRODUCT(($E$2:$E$101>=A9)*($E$2:$E$101<=Calculator!$C$5-1)/$E$2:$E$101))) -> 0.28408875 | E9: 8
A10: 8 | B10: =IF(A10>=Calculator!$C$5,"",A10/Calculator!$C$5) -> 0.16 | C10: =IF(A10>=Calculator!$C$5,"",IF(A10=0,1/Calculator!$C$5,(A10/Calculator!$C$5)*SUMPRODUCT(($E$2:$E$101>=A10)*($E$2:$E$101<=Calculator!$C$5-1)/$E$2:$E$101))) -> 0.30181571 | E10: 9
A11: 9 | B11: =IF(A11>=Calculator!$C$5,"",A11/Calculator!$C$5) -> 0.18 | C11: =IF(A11>=Calculator!$C$5,"",IF(A11=0,1/Calculator!$C$5,(A11/Calculator!$C$5)*SUMPRODUCT(($E$2:$E$101>=A11)*($E$2:$E$101<=Calculator!$C$5-1)/$E$2:$E$101))) -> 0.31704268 | E11: 10
A12: 10 | B12: =IF(A12>=Calculator!$C$5,"",A12/Calculator!$C$5) -> 0.2 | C12: =IF(A12>=Calculator!$C$5,"",IF(A12=0,1/Calculator!$C$5,(A12/Calculator!$C$5)*SUMPRODUCT(($E$2:$E$101>=A12)*($E$2:$E$101<=Calculator!$C$5-1)/$E$2:$E$101))) -> 0.33004742 | E12: 11
A13: 11 | B13: =IF(A13>=Calculator!$C$5,"",A13/Calculator!$C$5) -> 0.22 | C13: =IF(A13>=Calculator!$C$5,"",IF(A13=0,1/Calculator!$C$5,(A13/Calculator!$C$5)*SUMPRODUCT(($E$2:$E$101>=A13)*($E$2:$E$101<=Calculator!$C$5-1)/$E$2:$E$101))) -> 0.34105216 | E13: 12
... A101: 99 | B101: =IF(A101>=Calculator!$C$5,"",A101/Calculator!$C$5) | C101: =IF(A101>=Calculator!$C$5,"",IF(A101=0,1/Calculator!$C$5,(A101/Calculator!$C$5)*SUMPRODUCT(($E$2:$E$101>=A101)*($E$2:$E$101<=Calculator!$C$5-1)/$E$2:$E$101))) | E101: 100
