Workbook

Sheet Calculator
B1: Decision 3 — The Workbook Order
B2: Change the yellow cells. The tool finds the order quantity with the highest expected profit. Attendance is treated as a normal distribution.
B4: INPUTS — change these
B5: Mean attendance | C5: 200
B6: Standard deviation of attendance | C6: 40
B7: Margin earned per attendee served | C7: 60
B8: Cost to print one workbook | C8: 15
B9: Salvage value of one leftover workbook | C9: 0
B11: RESULTS — calculated
B12: Underage cost, being one short (margin lost) | C12: =C7-C8 -> 45
B13: Overage cost, being one over (print minus salvage) | C13: =C8-C9 -> 15
B14: Critical ratio = underage / (underage + overage) | C14: =C12/(C12+C13) -> 0.75
B15: z* = the point where that fraction of demand sits below | C15: =NORMSINV(C14) -> 0.67448975
B16: Best order quantity, Q* = mean + z* x sd | C16: =C5+C15*C6 -> 226.97959
B17: Expected profit at Q* | C17: =C7*(C5-C6*(NORMDIST(C15,0,1,FALSE())-C15*(1-NORMDIST(C15,0,1,TRUE()))))-C8*C16+C9*(C16-(C5-C6*(NORMDIST(C15,0,1,FALSE())-C15*(1-NORMDIST(C15,0,1,TRUE()))))) -> 8237.3362
B18: Expected profit if you just order the mean | C18: =C7*(C5-C6*(NORMDIST(0,0,1,FALSE())-0))-C8*C5+C9*(C5-(C5-C6*(NORMDIST(0,0,1,FALSE())-0))) -> 8042.5385
B19: The best order sits above the mean whenever being short costs more than being long, that is when the critical ratio is above one half.

Sheet ChartData
A1: Q (order) | B1: Expected profit | D1: z | E1: Eshort | F1: Emin
A2: =Calculator!$C$5+(-3)*Calculator!$C$6 -> 80 | B2: =Calculator!$C$7*F2-Calculator!$C$8*A2+Calculator!$C$9*(A2-F2) -> 3599.0828 | D2: =(A2-Calculator!$C$5)/Calculator!$C$6 -> -3 | E2: =Calculator!$C$6*(NORMDIST(D2,0,1,FALSE())-D2*(1-NORMDIST(D2,0,1,TRUE()))) -> 120.01529 | F2: =Calculator!$C$5-E2 -> 79.984714
A3: =Calculator!$C$5+(-2.8)*Calculator!$C$6 -> 88 | B3: =Calculator!$C$7*F3-Calculator!$C$8*A3+Calculator!$C$9*(A3-F3) -> 3958.1734 | D3: =(A3-Calculator!$C$5)/Calculator!$C$6 -> -2.8 | E3: =Calculator!$C$6*(NORMDIST(D3,0,1,FALSE())-D3*(1-NORMDIST(D3,0,1,TRUE()))) -> 112.03044 | F3: =Calculator!$C$5-E3 -> 87.969557
A4: =Calculator!$C$5+(-2.6)*Calculator!$C$6 -> 96 | B4: =Calculator!$C$7*F4-Calculator!$C$8*A4+Calculator!$C$9*(A4-F4) -> 4316.4867 | D4: =(A4-Calculator!$C$5)/Calculator!$C$6 -> -2.6 | E4: =Calculator!$C$6*(NORMDIST(D4,0,1,FALSE())-D4*(1-NORMDIST(D4,0,1,TRUE()))) -> 104.05856 | F4: =Calculator!$C$5-E4 -> 95.941445
A5: =Calculator!$C$5+(-2.4)*Calculator!$C$6 -> 104 | B5: =Calculator!$C$7*F5-Calculator!$C$8*A5+Calculator!$C$9*(A5-F5) -> 4673.4709 | D5: =(A5-Calculator!$C$5)/Calculator!$C$6 -> -2.4 | E5: =Calculator!$C$6*(NORMDIST(D5,0,1,FALSE())-D5*(1-NORMDIST(D5,0,1,TRUE()))) -> 96.108818 | F5: =Calculator!$C$5-E5 -> 103.89118
A6: =Calculator!$C$5+(-2.2)*Calculator!$C$6 -> 112 | B6: =Calculator!$C$7*F6-Calculator!$C$8*A6+Calculator!$C$9*(A6-F6) -> 5028.2712 | D6: =(A6-Calculator!$C$5)/Calculator!$C$6 -> -2.2 | E6: =Calculator!$C$6*(NORMDIST(D6,0,1,FALSE())-D6*(1-NORMDIST(D6,0,1,TRUE()))) -> 88.19548 | F6: =Calculator!$C$5-E6 -> 111.80452
A7: =Calculator!$C$5+(-2)*Calculator!$C$6 -> 120 | B7: =Calculator!$C$7*F7-Calculator!$C$8*A7+Calculator!$C$9*(A7-F7) -> 5379.6223 | D7: =(A7-Calculator!$C$5)/Calculator!$C$6 -> -2 | E7: =Calculator!$C$6*(NORMDIST(D7,0,1,FALSE())-D7*(1-NORMDIST(D7,0,1,TRUE()))) -> 80.339628 | F7: =Calculator!$C$5-E7 -> 119.66037
A8: =Calculator!$C$5+(-1.8)*Calculator!$C$6 -> 128 | B8: =Calculator!$C$7*F8-Calculator!$C$8*A8+Calculator!$C$9*(A8-F8) -> 5725.7386 | D8: =(A8-Calculator!$C$5)/Calculator!$C$6 -> -1.8 | E8: =Calculator!$C$6*(NORMDIST(D8,0,1,FALSE())-D8*(1-NORMDIST(D8,0,1,TRUE()))) -> 72.571023 | F8: =Calculator!$C$5-E8 -> 127.42898
A9: =Calculator!$C$5+(-1.6)*Calculator!$C$6 -> 136 | B9: =Calculator!$C$7*F9-Calculator!$C$8*A9+Calculator!$C$9*(A9-F9) -> 6064.2193 | D9: =(A9-Calculator!$C$5)/Calculator!$C$6 -> -1.6 | E9: =Calculator!$C$6*(NORMDIST(D9,0,1,FALSE())-D9*(1-NORMDIST(D9,0,1,TRUE()))) -> 64.929679 | F9: =Calculator!$C$5-E9 -> 135.07032
A10: =Calculator!$C$5+(-1.4)*Calculator!$C$6 -> 144 | B10: =Calculator!$C$7*F10-Calculator!$C$8*A10+Calculator!$C$9*(A10-F10) -> 6391.9965 | D10: =(A10-Calculator!$C$5)/Calculator!$C$6 -> -1.4 | E10: =Calculator!$C$6*(NORMDIST(D10,0,1,FALSE())-D10*(1-NORMDIST(D10,0,1,TRUE()))) -> 57.466726 | F10: =Calculator!$C$5-E10 -> 142.53327
A11: =Calculator!$C$5+(-1.2)*Calculator!$C$6 -> 152 | B11: =Calculator!$C$7*F11-Calculator!$C$8*A11+Calculator!$C$9*(A11-F11) -> 6705.3541 | D11: =(A11-Calculator!$C$5)/Calculator!$C$6 -> -1.2 | E11: =Calculator!$C$6*(NORMDIST(D11,0,1,FALSE())-D11*(1-NORMDIST(D11,0,1,TRUE()))) -> 50.244098 | F11: =Calculator!$C$5-E11 -> 149.7559
A12: =Calculator!$C$5+(-1)*Calculator!$C$6 -> 160 | B12: =Calculator!$C$7*F12-Calculator!$C$8*A12+Calculator!$C$9*(A12-F12) -> 7000.0429 | D12: =(A12-Calculator!$C$5)/Calculator!$C$6 -> -1 | E12: =Calculator!$C$6*(NORMDIST(D12,0,1,FALSE())-D12*(1-NORMDIST(D12,0,1,TRUE()))) -> 43.332619 | F12: =Calculator!$C$5-E12 -> 156.66738
A13: =Calculator!$C$5+(-0.8)*Calculator!$C$6 -> 168 | B13: =Calculator!$C$7*F13-Calculator!$C$8*A13+Calculator!$C$9*(A13-F13) -> 7271.5026 | D13: =(A13-Calculator!$C$5)/Calculator!$C$6 -> -0.8 | E13: =Calculator!$C$6*(NORMDIST(D13,0,1,FALSE())-D13*(1-NORMDIST(D13,0,1,TRUE()))) -> 36.808289 | F13: =Calculator!$C$5-E13 -> 163.19171
A14: =Calculator!$C$5+(-0.6)*Calculator!$C$6 -> 176 | B14: =Calculator!$C$7*F14-Calculator!$C$8*A14+Calculator!$C$9*(A14-F14) -> 7515.1854 | D14: =(A14-Calculator!$C$5)/Calculator!$C$6 -> -0.6 | E14: =Calculator!$C$6*(NORMDIST(D14,0,1,FALSE())-D14*(1-NORMDIST(D14,0,1,TRUE()))) -> 30.746909 | F14: =Calculator!$C$5-E14 -> 169.25309
A15: =Calculator!$C$5+(-0.4)*Calculator!$C$6 -> 184 | B15: =Calculator!$C$7*F15-Calculator!$C$8*A15+Calculator!$C$9*(A15-F15) -> 7726.9468 | D15: =(A15-Calculator!$C$5)/Calculator!$C$6 -> -0.4 | E15: =Calculator!$C$6*(NORMDIST(D15,0,1,FALSE())-D15*(1-NORMDIST(D15,0,1,TRUE()))) -> 25.217553 | F15: =Calculator!$C$5-E15 -> 174.78245
A16: =Calculator!$C$5+(-0.2)*Calculator!$C$6 -> 192 | B16: =Calculator!$C$7*F16-Calculator!$C$8*A16+Calculator!$C$9*(A16-F16) -> 7903.4529 | D16: =(A16-Calculator!$C$5)/Calculator!$C$6 -> -0.2 | E16: =Calculator!$C$6*(NORMDIST(D16,0,1,FALSE())-D16*(1-NORMDIST(D16,0,1,TRUE()))) -> 20.275785 | F16: =Calculator!$C$5-E16 -> 179.72421
A17: =Calculator!$C$5+(0)*Calculator!$C$6 -> 200 | B17: =Calculator!$C$7*F17-Calculator!$C$8*A17+Calculator!$C$9*(A17-F17) -> 8042.5385 | D17: =(A17-Calculator!$C$5)/Calculator!$C$6 -> 0 | E17: =Calculator!$C$6*(NORMDIST(D17,0,1,FALSE())-D17*(1-NORMDIST(D17,0,1,TRUE()))) -> 15.957691 | F17: =Calculator!$C$5-E17 -> 184.04231
A18: =Calculator!$C$5+(0.2)*Calculator!$C$6 -> 208 | B18: =Calculator!$C$7*F18-Calculator!$C$8*A18+Calculator!$C$9*(A18-F18) -> 8143.4529 | D18: =(A18-Calculator!$C$5)/Calculator!$C$6 -> 0.2 | E18: =Calculator!$C$6*(NORMDIST(D18,0,1,FALSE())-D18*(1-NORMDIST(D18,0,1,TRUE()))) -> 12.275785 | F18: =Calculator!$C$5-E18 -> 187.72421
A19: =Calculator!$C$5+(0.4)*Calculator!$C$6 -> 216 | B19: =Calculator!$C$7*F19-Calculator!$C$8*A19+Calculator!$C$9*(A19-F19) -> 8206.9468 | D19: =(A19-Calculator!$C$5)/Calculator!$C$6 -> 0.4 | E19: =Calculator!$C$6*(NORMDIST(D19,0,1,FALSE())-D19*(1-NORMDIST(D19,0,1,TRUE()))) -> 9.2175535 | F19: =Calculator!$C$5-E19 -> 190.78245
A20: =Calculator!$C$5+(0.6)*Calculator!$C$6 -> 224 | B20: =Calculator!$C$7*F20-Calculator!$C$8*A20+Calculator!$C$9*(A20-F20) -> 8235.1854 | D20: =(A20-Calculator!$C$5)/Calculator!$C$6 -> 0.6 | E20: =Calculator!$C$6*(NORMDIST(D20,0,1,FALSE())-D20*(1-NORMDIST(D20,0,1,TRUE()))) -> 6.7469093 | F20: =Calculator!$C$5-E20 -> 193.25309
A21: =Calculator!$C$5+(0.8)*Calculator!$C$6 -> 232 | B21: =Calculator!$C$7*F21-Calculator!$C$8*A21+Calculator!$C$9*(A21-F21) -> 8231.5026 | D21: =(A21-Calculator!$C$5)/Calculator!$C$6 -> 0.8 | E21: =Calculator!$C$6*(NORMDIST(D21,0,1,FALSE())-D21*(1-NORMDIST(D21,0,1,TRUE()))) -> 4.8082894 | F21: =Calculator!$C$5-E21 -> 195.19171
A22: =Calculator!$C$5+(1)*Calculator!$C$6 -> 240 | B22: =Calculator!$C$7*F22-Calculator!$C$8*A22+Calculator!$C$9*(A22-F22) -> 8200.0429 | D22: =(A22-Calculator!$C$5)/Calculator!$C$6 -> 1 | E22: =Calculator!$C$6*(NORMDIST(D22,0,1,FALSE())-D22*(1-NORMDIST(D22,0,1,TRUE()))) -> 3.3326188 | F22: =Calculator!$C$5-E22 -> 196.66738
A23: =Calculator!$C$5+(1.2)*Calculator!$C$6 -> 248 | B23: =Calculator!$C$7*F23-Calculator!$C$8*A23+Calculator!$C$9*(A23-F23) -> 8145.3541 | D23: =(A23-Calculator!$C$5)/Calculator!$C$6 -> 1.2 | E23: =Calculator!$C$6*(NORMDIST(D23,0,1,FALSE())-D23*(1-NORMDIST(D23,0,1,TRUE()))) -> 2.244098 | F23: =Calculator!$C$5-E23 -> 197.7559
A24: =Calculator!$C$5+(1.4)*Calculator!$C$6 -> 256 | B24: =Calculator!$C$7*F24-Calculator!$C$8*A24+Calculator!$C$9*(A24-F24) -> 8071.9965 | D24: =(A24-Calculator!$C$5)/Calculator!$C$6 -> 1.4 | E24: =Calculator!$C$6*(NORMDIST(D24,0,1,FALSE())-D24*(1-NORMDIST(D24,0,1,TRUE()))) -> 1.4667257 | F24: =Calculator!$C$5-E24 -> 198.53327
A25: =Calculator!$C$5+(1.6)*Calculator!$C$6 -> 264 | B25: =Calculator!$C$7*F25-Calculator!$C$8*A25+Calculator!$C$9*(A25-F25) -> 7984.2193 | D25: =(A25-Calculator!$C$5)/Calculator!$C$6 -> 1.6 | E25: =Calculator!$C$6*(NORMDIST(D25,0,1,FALSE())-D25*(1-NORMDIST(D25,0,1,TRUE()))) -> 0.92967872 | F25: =Calculator!$C$5-E25 -> 199.07032
A26: =Calculator!$C$5+(1.8)*Calculator!$C$6 -> 272 | B26: =Calculator!$C$7*F26-Calculator!$C$8*A26+Calculator!$C$9*(A26-F26) -> 7885.7386 | D26: =(A26-Calculator!$C$5)/Calculator!$C$6 -> 1.8 | E26: =Calculator!$C$6*(NORMDIST(D26,0,1,FALSE())-D26*(1-NORMDIST(D26,0,1,TRUE()))) -> 0.57102336 | F26: =Calculator!$C$5-E26 -> 199.42898
A27: =Calculator!$C$5+(2)*Calculator!$C$6 -> 280 | B27: =Calculator!$C$7*F27-Calculator!$C$8*A27+Calculator!$C$9*(A27-F27) -> 7779.6223 | D27: =(A27-Calculator!$C$5)/Calculator!$C$6 -> 2 | E27: =Calculator!$C$6*(NORMDIST(D27,0,1,FALSE())-D27*(1-NORMDIST(D27,0,1,TRUE()))) -> 0.3396281 | F27: =Calculator!$C$5-E27 -> 199.66037
A28: =Calculator!$C$5+(2.2)*Calculator!$C$6 -> 288 | B28: =Calculator!$C$7*F28-Calculator!$C$8*A28+Calculator!$C$9*(A28-F28) -> 7668.2712 | D28: =(A28-Calculator!$C$5)/Calculator!$C$6 -> 2.2 | E28: =Calculator!$C$6*(NORMDIST(D28,0,1,FALSE())-D28*(1-NORMDIST(D28,0,1,TRUE()))) -> 0.19548033 | F28: =Calculator!$C$5-E28 -> 199.80452
A29: =Calculator!$C$5+(2.4)*Calculator!$C$6 -> 296 | B29: =Calculator!$C$7*F29-Calculator!$C$8*A29+Calculator!$C$9*(A29-F29) -> 7553.4709 | D29: =(A29-Calculator!$C$5)/Calculator!$C$6 -> 2.4 | E29: =Calculator!$C$6*(NORMDIST(D29,0,1,FALSE())-D29*(1-NORMDIST(D29,0,1,TRUE()))) -> 0.10881776 | F29: =Calculator!$C$5-E29 -> 199.89118
A30: =Calculator!$C$5+(2.6)*Calculator!$C$6 -> 304 | B30: =Calculator!$C$7*F30-Calculator!$C$8*A30+Calculator!$C$9*(A30-F30) -> 7436.4867 | D30: =(A30-Calculator!$C$5)/Calculator!$C$6 -> 2.6 | E30: =Calculator!$C$6*(NORMDIST(D30,0,1,FALSE())-D30*(1-NORMDIST(D30,0,1,TRUE()))) -> 0.058555215 | F30: =Calculator!$C$5-E30 -> 199.94144
A31: =Calculator!$C$5+(2.8)*Calculator!$C$6 -> 312 | B31: =Calculator!$C$7*F31-Calculator!$C$8*A31+Calculator!$C$9*(A31-F31) -> 7318.1734 | D31: =(A31-Calculator!$C$5)/Calculator!$C$6 -> 2.8 | E31: =Calculator!$C$6*(NORMDIST(D31,0,1,FALSE())-D31*(1-NORMDIST(D31,0,1,TRUE()))) -> 0.030443466 | F31: =Calculator!$C$5-E31 -> 199.96956
A32: =Calculator!$C$5+(3)*Calculator!$C$6 -> 320 | B32: =Calculator!$C$7*F32-Calculator!$C$8*A32+Calculator!$C$9*(A32-F32) -> 7199.0828 | D32: =(A32-Calculator!$C$5)/Calculator!$C$6 -> 3 | E32: =Calculator!$C$6*(NORMDIST(D32,0,1,FALSE())-D32*(1-NORMDIST(D32,0,1,TRUE()))) -> 0.015286173 | F32: =Calculator!$C$5-E32 -> 199.98471
