Workbook

Sheet Calculator
B1: Decision 1 — Certificate Launch
B2: Type your numbers into the yellow cells. The results and the chart update by themselves. All money is in $ thousands.
B4: INPUTS — change these
B5: Prior probability of high demand | C5: 0.4
B6: Chance of a favorable survey if demand is high | C6: 0.8
B7: Chance of a favorable survey if demand is low | C7: 0.3
B8: Payoff if you launch and demand is high | C8: 500
B9: Payoff if you launch and demand is low | C9: -200
B10: Payoff if you hold (do not launch) | C10: 0
B11: Risk tolerance R (larger means less risk-averse) | C11: 1000
B12: Probabilities take a value from 0 to 1. For no signal, set the two likelihoods equal.
B14: RESULTS — calculated for you
B15: Posterior probability of high demand | C15: =IFERROR(C5*C6/(C5*C6+(1-C5)*C7),C5) -> 0.64
B16: Break-even probability (acting beats holding above this) | C16: =IF(C8=C9,"n/a",(C10-C9)/(C8-C9)) -> 0.28571429
B17: Expected value of launching, at the prior | C17: =C5*C8+(1-C5)*C9 -> 80
B18: Expected value of launching, at the posterior | C18: =C15*C8+(1-C15)*C9 -> 248
B19: Certainty equivalent of launching, at the posterior | C19: =-C11*LN(C15*EXP(-C8/C11)+(1-C15)*EXP(-C9/C11)) -> 188.88149
B20: Value of holding | C20: =C10 -> 0
B21: What the risk is worth (expected value minus certainty equivalent) | C21: =C18-C19 -> 59.118512
B23: RECOMMENDATION
B24: Ignoring risk (expected value vs hold) | C24: =IF(C18>C20,"LAUNCH",IF(C18<C20,"HOLD","EITHER")) -> LAUNCH
B25: With risk (certainty equivalent vs hold) | C25: =IF(C19>C20,"LAUNCH",IF(C19<C20,"HOLD","EITHER")) -> LAUNCH
B27: The two dashed vertical lines mark your current decision. The prior is where you stand before the signal and the posterior after it. Read the value where each line meets the navy expected-value line, or read it in the results above.

Sheet ChartData
A1: p(good) | B1: Act (expected value) | C1: Hold | D1: Act (certainty equivalent) | F1: Marker | G1: p | H1: value | J1: priorX | K1: priorY | L1: postX | M1: postY
A2: 0 | B2: =A2*Calculator!$C$8+(1-A2)*Calculator!$C$9 -> -200 | C2: =Calculator!$C$10 -> 0 | D2: =-Calculator!$C$11*LN(A2*EXP(-Calculator!$C$8/Calculator!$C$11)+(1-A2)*EXP(-Calculator!$C$9/Calculator!$C$11)) -> -200 | F2: Prior | G2: =Calculator!C5 -> 0.4 | H2: =Calculator!C17 -> 80 | J2: =Calculator!C5 -> 0.4 | K2: =Calculator!C9 -> -200 | L2: =Calculator!C15 -> 0.64 | M2: =Calculator!C9 -> -200
A3: 0.02 | B3: =A3*Calculator!$C$8+(1-A3)*Calculator!$C$9 -> -186 | C3: =Calculator!$C$10 -> 0 | D3: =-Calculator!$C$11*LN(A3*EXP(-Calculator!$C$8/Calculator!$C$11)+(1-A3)*EXP(-Calculator!$C$9/Calculator!$C$11)) -> -189.88068 | F3: Posterior | G3: =Calculator!C15 -> 0.64 | H3: =Calculator!C18 -> 248 | J3: =Calculator!C5 -> 0.4 | K3: =Calculator!C8 -> 500 | L3: =Calculator!C15 -> 0.64 | M3: =Calculator!C8 -> 500
A4: 0.04 | B4: =A4*Calculator!$C$8+(1-A4)*Calculator!$C$9 -> -172 | C4: =Calculator!$C$10 -> 0 | D4: =-Calculator!$C$11*LN(A4*EXP(-Calculator!$C$8/Calculator!$C$11)+(1-A4)*EXP(-Calculator!$C$9/Calculator!$C$11)) -> -179.65791
A5: 0.06 | B5: =A5*Calculator!$C$8+(1-A5)*Calculator!$C$9 -> -158 | C5: =Calculator!$C$10 -> 0 | D5: =-Calculator!$C$11*LN(A5*EXP(-Calculator!$C$8/Calculator!$C$11)+(1-A5)*EXP(-Calculator!$C$9/Calculator!$C$11)) -> -169.32955
A6: 0.08 | B6: =A6*Calculator!$C$8+(1-A6)*Calculator!$C$9 -> -144 | C6: =Calculator!$C$10 -> 0 | D6: =-Calculator!$C$11*LN(A6*EXP(-Calculator!$C$8/Calculator!$C$11)+(1-A6)*EXP(-Calculator!$C$9/Calculator!$C$11)) -> -158.89341
A7: 0.1 | B7: =A7*Calculator!$C$8+(1-A7)*Calculator!$C$9 -> -130 | C7: =Calculator!$C$10 -> 0 | D7: =-Calculator!$C$11*LN(A7*EXP(-Calculator!$C$8/Calculator!$C$11)+(1-A7)*EXP(-Calculator!$C$9/Calculator!$C$11)) -> -148.3472
A8: 0.12 | B8: =A8*Calculator!$C$8+(1-A8)*Calculator!$C$9 -> -116 | C8: =Calculator!$C$10 -> 0 | D8: =-Calculator!$C$11*LN(A8*EXP(-Calculator!$C$8/Calculator!$C$11)+(1-A8)*EXP(-Calculator!$C$9/Calculator!$C$11)) -> -137.68858
A9: 0.14 | B9: =A9*Calculator!$C$8+(1-A9)*Calculator!$C$9 -> -102 | C9: =Calculator!$C$10 -> 0 | D9: =-Calculator!$C$11*LN(A9*EXP(-Calculator!$C$8/Calculator!$C$11)+(1-A9)*EXP(-Calculator!$C$9/Calculator!$C$11)) -> -126.91513
A10: 0.16 | B10: =A10*Calculator!$C$8+(1-A10)*Calculator!$C$9 -> -88 | C10: =Calculator!$C$10 -> 0 | D10: =-Calculator!$C$11*LN(A10*EXP(-Calculator!$C$8/Calculator!$C$11)+(1-A10)*EXP(-Calculator!$C$9/Calculator!$C$11)) -> -116.02435
A11: 0.18 | B11: =A11*Calculator!$C$8+(1-A11)*Calculator!$C$9 -> -74 | C11: =Calculator!$C$10 -> 0 | D11: =-Calculator!$C$11*LN(A11*EXP(-Calculator!$C$8/Calculator!$C$11)+(1-A11)*EXP(-Calculator!$C$9/Calculator!$C$11)) -> -105.01366
A12: 0.2 | B12: =A12*Calculator!$C$8+(1-A12)*Calculator!$C$9 -> -60 | C12: =Calculator!$C$10 -> 0 | D12: =-Calculator!$C$11*LN(A12*EXP(-Calculator!$C$8/Calculator!$C$11)+(1-A12)*EXP(-Calculator!$C$9/Calculator!$C$11)) -> -93.880375
A13: 0.22 | B13: =A13*Calculator!$C$8+(1-A13)*Calculator!$C$9 -> -46 | C13: =Calculator!$C$10 -> 0 | D13: =-Calculator!$C$11*LN(A13*EXP(-Calculator!$C$8/Calculator!$C$11)+(1-A13)*EXP(-Calculator!$C$9/Calculator!$C$11)) -> -82.621745
A14: 0.24 | B14: =A14*Calculator!$C$8+(1-A14)*Calculator!$C$9 -> -32 | C14: =Calculator!$C$10 -> 0 | D14: =-Calculator!$C$11*LN(A14*EXP(-Calculator!$C$8/Calculator!$C$11)+(1-A14)*EXP(-Calculator!$C$9/Calculator!$C$11)) -> -71.234914
A15: 0.26 | B15: =A15*Calculator!$C$8+(1-A15)*Calculator!$C$9 -> -18 | C15: =Calculator!$C$10 -> 0 | D15: =-Calculator!$C$11*LN(A15*EXP(-Calculator!$C$8/Calculator!$C$11)+(1-A15)*EXP(-Calculator!$C$9/Calculator!$C$11)) -> -59.716928
... A52: 1 | B52: =A52*Calculator!$C$8+(1-A52)*Calculator!$C$9 -> 500 | C52: =Calculator!$C$10 -> 0 | D52: =-Calculator!$C$11*LN(A52*EXP(-Calculator!$C$8/Calculator!$C$11)+(1-A52)*EXP(-Calculator!$C$9/Calculator!$C$11)) -> 500
